﻿<commands>
    <item type="startup" label="StartUp">
        <item type="sendChat" command="/debug" />
   
   </item>
   <item type="static" label="David" />
				 <item type="Menu" label="&lt;font color='#FFFAF0'&gt;Sanciones&lt;/font&gt;">
					   <item type="sendChat" label="Kick" command=".kick %p"/>
					   <item type="sendChat" label="Jail" command=".jail %p 999999"/>
					   <item type="sendChat" label="Ban" command=".ban %p 999999 si"/>
					   <item type="sendChat" label="UnBan" command=".unban %p"/>
					   <item type="sendChat" label="UnJail" command=".unjail %p"/>
            
                	</item>
					    <item type="sendChat" label="&lt;font color='#FFFAF0'&gt;Guardar Servidor&lt;/font&gt;" command=".saveall"/>
					    <item type="sendChat" label="&lt;font color='#FFFAF0'&gt;Añadir Estrellas a Monstruos&lt;/font&gt;" command=".monster stars 175 -all"/>
	
	<item type="static" label="Administración" />
		<item type="menu" label="&lt;font color='#FFFAF0'&gt;Añadir kamas&lt;/font&gt;">
						 <item type="sendChat" label="Añadir 10M Kamas" command=".kamas 10000000"/>
						 <item type="sendChat" label="Añadir 100M Kamas" command=".kamas 100000000"/>
						 <item type="sendChat" label="Añadir 500M Kamas" command=".kamas 500000000"/>
						 <item type="sendChat" label="Añadir 1B Kamas" command=".kamas 1000000000"/>
                
           </item>
		<item type="menu" label="&lt;font color='#FFFAF0'&gt;Comandos del Servidor&lt;/font&gt;">
		               	<item type="sendCommand" label="Mantenimiento" command="maintenance"  />
		               	<item type="sendCommand" label="Mantenimiento en 5 minutos" command="maintenance 300"  />
						<item type="sendCommand" label="Cerrar server en 30 minutos" command="shutdown 1800" />
						<item type="sendCommand" label="Cerrar server en 10 minutos" command="shutdown 600" />
		              	<item type="sendCommand" label="Cerrar server en 5 minutos" command="shutdown 300" />


           </item>
        <item type="menu" label="&lt;font color='#FFFAF0'&gt;Comandos de Administrador&lt;/font&gt;">
			 			<item type="sendCommand" label="Abrir menu de items" command="item add #item %p" />
		               	<item type="sendCommand" label="Abrir menu de hechizos" command="spell learn #spell %p" />
		                <item type="sendCommand" label="Abrir menu de monstruos (spawn)" command="monster spawn #monster" />


           </item>
		<item type="menu" label="&lt;font color='#FFFAF0'&gt;Monedas&lt;/font&gt;">
						 <item type="sendChat" label="1000 doplones" command=".item add 13052 %p 1000"/>
						 <item type="sendChat" label="1000 Kolicha" command=".item add 12736 %p 1000"/>
					     <item type="sendChat" label="1000 monedas epicas" command=".item add 1328 %p 1000"/>
	 </item>
		<item type="menu" label="&lt;font color='#FFFAF0'&gt;Niveles&lt;/font&gt;">
						 <item type="sendchat" label="Añadir 1 Nivel" command=".levelup 1 %p"/>
						 <item type="sendchat" label="Añadir 10 Niveles" command=".levelup 10 %p"/>
						 <item type="sendchat" label="Añadir 50 Niveles" command=".levelup 50 %p"/>
						 <item type="sendchat" label="Añadir 100 Niveles" command=".levelup 100 %p"/>
						 <item type="sendchat" label="Añadir 200 Niveles" command=".levelup 200 %p"/>
				         <item type="sendchat" label="Añadir 500 Niveles" command=".levelup 500 %p"/>

             
              </item>
		<item type="menu" label="&lt;font color='#FFFAF0'&gt;Hechizos de Administrador&lt;/font&gt;">
						 <item type="sendchat" label="Doom" command=".spell learn 415 %p" />
						 <item type="sendchat" label="Matanza" command=".spell learn 411 %p" />

	</item> 
		<item type="menu" label="&lt;font color='#FFFAF0'&gt;Carácteristicas&lt;/font&gt;">
						 <item type="sendCommand" label="Añadir 50 Puntos de Carácteristicas" command="Stats 50 %p"/>
						 <item type="sendCommand" label="Añadir 100 Puntos de Carácteristicas" command="Stats 100 %p"/>
						 <item type="sendCommand" label="Añadir 250 Puntos de Carácteristicas" command="Stats 250 %p"/>
						 <item type="sendCommand" label="Añadir 500 Puntos de Carácteristicas" command="Stats 500 %p"/>
						 <item type="sendCommand" label="Añadir 1000 Puntos de Carácteristicas" command="Stats 1000 %p"/>
						 <item type="sendCommand" label="Añadir 10000 Puntos de Carácteristicas" command="Stats 10000 %p"/>               
	</item>
        <item type="menu" label="&lt;font color='#FFFAF0'&gt;Gremios&lt;/font&gt;"> 
						 <item type="sendCommand" label="Panel de creacion de gremios" command="Guild Create %p"/>
						 <item type="sendCommand" label="Añadir Gremiologema" command="item add 1575 %p"/>
    </item>

	<item type="static" label="Anuncios y Eventos" />
		<item type="menu" label="&lt;font color='#FFFAF0'&gt;Eventos&lt;/font&gt;">
						 <item type="sendChat" label="Anuncio en la pantalla" command=".Anunciar Evento"/>
						 <item type="sendChat" label="Anuncio al costado" command=".Anunciar2 Evento"/>
	</item>
		<item type="menu" label="&lt;font color='#FFFAF0'&gt;Modo Dios&lt;/font&gt;">
						 <item type="sendChat" label="Activar" command=".god on"/>
						 <item type="sendChat" label="Desactivar" command=".god off"/>
	</item>
		<item type="menu" label="&lt;font color='#FFFAF0'&gt;Objetos&gt;">
						 <item type="sendChat" label="Ver inventario" command=".item showinv %p"/>
						 <item type="sendCommand" label="Abrir banco" command=".bank open %p" />
						 <item type="sendChat" label="Abrir modo mercante" command=".merchant show %p"/>
						 <item type="sendChat" label="Eliminar de modo mercante" command=".merchant kick %p"/>
				<item type="Static" label="Objevivo"/>
					<item type="sendCommand" label="Sombrero Objevivo" command="item add 9234 %p 1 True"/>
					<item type="sendCommand" label="Capa Objevivo" command="item add 9233 %p 1 True"/>
					<item type="sendCommand" label="Anillo Objevivo" command="item add 9256 %p 1 True"/>
					<item type="sendCommand" label="Amuleto Objevivo" command="item add 9255 %p 1 True"/>
				<item type="Static" label="Parabiotico"/>
					<item type="sendCommand" label="Sombrero Parabiotico" command="item add 12424 %p 1 True"/>
					<item type="sendCommand" label="Capa Parabiotico" command="item add 12425 %p 1 True"/>
					<item type="sendCommand" label="Cinturon Parabiotico" command="item add 12426 %p 1 True"/>
					<item type="sendCommand" label="Botas Parabiotico" command="item add 12427 %p 1 True"/>
				<item type="Static" label="Rolevivo"/>
					<item type="sendCommand" label="Sombrero Rolevivo" command="item add 13213 %p 1 True"/>
					<item type="sendCommand" label="Capa Rolevivo" command="item add 13211 %p 1 True"/>
					<item type="sendCommand" label="Cinturon Rolevivo" command="item add 13212 %p 1 True"/>
					<item type="sendCommand" label="Botas Rolevivo" command="item add 13210 %p 1 True"/>		
                 <item type="Static" label="Fabuhuvivo"/>
					<item type="sendCommand" label="Sombrero Fabuhuvivo" command="item add 18154 %p 1 True"/>
					<item type="sendCommand" label="Capa Fabuhuvivo" command="item add 18155 %p 1 True"/>	
</item>
		<item type="menu" label="&lt;font color='#FFFAF0'&gt;Teleports&lt;/font&gt;">
					 <item type="sendChat" label="Ir hacia un Jugador" command=".goname %p"/>
					 <item type="sendChat" label="Traer un Jugador" command=".namego %p"/>
					 <item type="sendChat" label="Tienda" command=".go 185077248 %p 288 "/>
					 <item type="sendChat" label="Astrub" command=".go 191105026 %p 260 "/>

	 </item>
		 <item type="menu" label="&lt;font color='#FFFAF0'&gt;Cambio de Forma&lt;/font&gt;">
					<item type="sendCommand" label="Menu de Skins" command="look #look %p" />
				    <item type="sendCommand" label="Destransformar" command="look %p -demorph %p"/>
	 </item>
					 <item type="sendChat" label="&lt;font color='#FFFAF0'&gt;Invisible/Visible&lt;/font&gt;" command=".setinv %p"/>
					 <item type="sendChat" label="&lt;font color='#FFFAF0'&gt;Mutear/Desmutear map" command=".mutemap"/>
					 <item type="sendChat" label="&lt;font color='#FFFAF0'&gt;Recargar NPCs" command=".reload npcs"/>
					 <item type="loadXML" label="&lt;font color='#FFFAF0'&gt;Recargar XML&lt;/font&gt;"/>
</commands>